feature,shap_mean_abs
call,1.93615
txt,1.012794
now,0.48777395
free,0.45764804
to,0.44830027
claim,0.39149582
text,0.38894886
your,0.36348698
from,0.30181578
stop,0.29864636
or,0.28780156
me,0.2829605
win,0.28136697
reply,0.2793746
you,0.2164471
send,0.19173695
mobile,0.18673152
sms,0.18393731
out,0.18127596
my,0.17109957
for,0.17018825
chat,0.14011043
won,0.13747923
in,0.13725744
with,0.1330842
and,0.1293088
new,0.12786137
service,0.12656903
this,0.12575272
msg,0.11194003
but,0.10490514
ringtone,0.104686126
500,0.099252544
the,0.0924245
message,0.08711392
been,0.08181851
if,0.08039599
of,0.07379679
im,0.07376576
so,0.07361462
that,0.071443856
ur,0.070462435
it,0.069108956
have,0.06219421
cash,0.060904503
is,0.060282174
not,0.05605401
get,0.05376075
ltgt,0.052638263
all,0.05178001
customer,0.048204206
over,0.04338217
can,0.043266606
are,0.041515075
no,0.038010173
ill,0.037565194
next,0.037229262
up,0.035045788
will,0.03487628
we,0.034311872
its,0.03296446
want,0.032033764
help,0.02912796
on,0.028480038
go,0.026747175
what,0.026212148
number,0.026106255
do,0.025764247
when,0.02524523
150p,0.024565827
am,0.023473877
good,0.02318232
enjoy,0.022941561
see,0.022861548
just,0.022378182
was,0.021932218
at,0.021613374
got,0.02109308
ok,0.019948622
dont,0.018640757
time,0.017664816
need,0.017542692
orange,0.017130699
they,0.016731229
there,0.015684143
going,0.015521388
per,0.015456216
apply,0.015035712
how,0.014300538
18,0.013945021
games,0.013031936
know,0.012997826
urgent,0.012335972
voucher,0.011126547
more,0.010533456
tone,0.0104633225
real,0.010392047
then,0.010117342
as,0.009732379
uk,0.009023135
contact,0.008995303
has,0.008774269
cost,0.008402442
come,0.008220204
by,0.0072183576
him,0.0068899114
tones,0.006792504
unsubscribe,0.0065654702
pls,0.00614538
cant,0.005909083
mob,0.0051815654
sex,0.0051366114
ltd,0.004316055
about,0.0041117426
he,0.004091464
one,0.0040095192
sexy,0.0039406903
be,0.003885306
delivery,0.0037491084
hi,0.0034819555
information,0.0033750972
find,0.0031466607
oh,0.0030276452
days,0.0025333911
phone,0.0024283978
take,0.002254066
like,0.0021781125
still,0.001880897
us,0.0017421062
back,0.0016649485
work,0.0016609177
some,0.0016257459
give,0.0015988011
tell,0.0015515322
hey,0.0015239817
wap,0.0014755882
our,0.0014498598
hope,0.0014414691
which,0.0013777462
thats,0.0011340086
love,0.0007057143
day,0.0003567129
point,0.0
pobox84,0.0
pobox,0.0
pobox334,0.0
pod,0.0
pobox36504w45wq,0.0
points,0.0
020603,0.0
pounds,0.0
police,0.0
poly,0.0
princess,0.0
price,0.0
prey,0.0
pretty,0.0
press,0.0
present,0.0
prepare,0.0
pray,0.0
ppm,0.0
pple,0.0
ppl,0.0
power,0.0
pouts,0.0
pm,0.0
pound,0.0
posted,0.0
post,0.0
possible,0.0
possession,0.0
porn,0.0
popped,0.0
pop,0.0
poor,0.0
polys,0.0
polyphonic,0.0
po,0.0
pie,0.0
plz,0.0
party,0.0
password,0.0
past,0.0
pay,0.0
paying,0.0
payoh,0.0
pc,0.0
peace,0.0
people,0.0
perfect,0.0
period,0.0
person,0.0
personal,0.0
personality,0.0
persons,0.0
pete,0.0
pass,0.0
partner,0.0
philosophy,0.0
part,0.0
otherwise,0.0
outside,0.0
outstanding,0.0
outta,0.0
own,0.0
oz,0.0
pa,0.0
pack,0.0
package,0.0
page,0.0
paid,0.0
pain,0.0
paper,0.0
parents,0.0
park,0.0
pg,0.0
phne,0.0
plus,0.0
pix,0.0
place,0.0
places,0.0
plan,0.0
planned,0.0
planning,0.0
plans,0.0
play,0.0
played,0.0
player,0.0
players,0.0
playing,0.0
please,0.0
pleased,0.0
pleasure,0.0
plenty,0.0
pizza,0.0
pissed,0.0
phoenix,0.0
pin,0.0
phones,0.0
photo,0.0
photos,0.0
pic,0.0
pick,0.0
picked,0.0
picking,0.0
pics,0.0
picsfree1,0.0
picture,0.0
pictures,0.0
prize,0.0
pieces,0.0
pig,0.0
pilates,0.0
private,0.0
ptbo,0.0
prob,0.0
probably,0.0
remove,0.0
rent,0.0
rental,0.0
rentl,0.0
repair,0.0
repeat,0.0
replace,0.0
replied,0.0
replying,0.0
report,0.0
representative,0.0
request,0.0
requests,0.0
research,0.0
resend,0.0
respect,0.0
responcewhat,0.0
respond,0.0
responding,0.0
response,0.0
responsibility,0.0
reminder,0.0
remind,0.0
remembered,0.0
regards,0.0
record,0.0
records,0.0
red,0.0
reduce,0.0
ref,0.0
reference,0.0
refilled,0.0
refused,0.0
reg,0.0
register,0.0
remember,0.0
registered,0.0
regret,0.0
regular,0.0
relation,0.0
relax,0.0
released,0.0
rem,0.0
remain,0.0
remains,0.0
rest,0.0
restaurant,0.0
result,0.0
rose,0.0
rocks,0.0
rofl,0.0
roger,0.0
role,0.0
ron,0.0
room,0.0
roommate,0.0
roommates,0.0
rooms,0.0
round,0.0
roast,0.0
row,0.0
roww1j6hl,0.0
roww1jhl,0.0
royal,0.0
rply,0.0
rreveal,0.0
rs,0.0
rstm,0.0
ru,0.0
rock,0.0
roads,0.0
results,0.0
rhythm,0.0
retrieve,0.0
return,0.0
returned,0.0
returns,0.0
reveal,0.0
revealed,0.0
review,0.0
revision,0.0
reward,0.0
rice,0.0
road,0.0
rich,0.0
ride,0.0
right,0.0
rights,0.0
ring,0.0
ringtoneget,0.0
ringtones,0.0
rite,0.0
river,0.0
recession,0.0
recently,0.0
recent,0.0
queen,0.0
purpose,0.0
push,0.0
pushes,0.0
pussy,0.0
put,0.0
puttin,0.0
putting,0.0
qatar,0.0
quality,0.0
ques,0.0
purchase,0.0
question,0.0
questioned,0.0
questions,0.0
quick,0.0
quickly,0.0
quiet,0.0
quit,0.0
quite,0.0
quiz,0.0
purity,0.0
pull,0.0
quoting,0.0
promises,0.0
problem,0.0
problems,0.0
process,0.0
processed,0.0
prof,0.0
profit,0.0
project,0.0
prolly,0.0
promise,0.0
promo,0.0
public,0.0
proof,0.0
properly,0.0
prospects,0.0
proverb,0.0
provided,0.0
ps,0.0
pt2,0.0
other,0.0
pub,0.0
quote,0.0
racing,0.0
receiving,0.0
really,0.0
reaching,0.0
reaction,0.0
read,0.0
readers,0.0
reading,0.0
ready,0.0
realise,0.0
reality,0.0
realized,0.0
realy,0.0
reach,0.0
reason,0.0
reasonable,0.0
reasons,0.0
reboot,0.0
recd,0.0
receipt,0.0
receive,0.0
receivea,0.0
received,0.0
reached,0.0
re,0.0
radio,0.0
random,0.0
raed,0.0
rael,0.0
railway,0.0
rain,0.0
raining,0.0
raise,0.0
rajipls,0.0
rally,0.0
ran,0.0
randomly,0.0
rd,0.0
randy,0.0
rang,0.0
range,0.0
ranjith,0.0
rate,0.0
rates,0.0
rather,0.0
rays,0.0
rcvd,0.0
others,0.0
off,0.0
oso,0.0
lotr,0.0
mad,0.0
made,0.0
magical,0.0
mah,0.0
mail,0.0
major,0.0
make,0.0
makes,0.0
making,0.0
malaria,0.0
man,0.0
management,0.0
manda,0.0
maneesha,0.0
many,0.0
march,0.0
margaret,0.0
mark,0.0
market,0.0
macho,0.0
machan,0.0
ma,0.0
loyalty,0.0
loud,0.0
lovable,0.0
loved,0.0
lovely,0.0
lover,0.0
loverboy,0.0
loves,0.0
loving,0.0
ltdecimalgt,0.0
m8s,0.0
lttimegt,0.0
lturlgt,0.0
luck,0.0
lucky,0.0
lunch,0.0
luv,0.0
luxury,0.0
m263uz,0.0
marriage,0.0
married,0.0
marry,0.0
menu,0.0
meds,0.0
meet,0.0
meeting,0.0
meh,0.0
mei,0.0
member,0.0
members,0.0
men,0.0
merry,0.0
medical,0.0
messageits,0.0
messageno,0.0
messages,0.0
met,0.0
mid,0.0
middle,0.0
midnight,0.0
might,0.0
medicine,0.0
med,0.0
mas,0.0
max7,0.0
masters,0.0
match,0.0
matches,0.0
mate,0.0
mates,0.0
matrix3,0.0
matured,0.0
max10mins,0.0
maximize,0.0
meanwhile,0.0
may,0.0
mayb,0.0
maybe,0.0
meal,0.0
mean,0.0
meaning,0.0
means,0.0
meant,0.0
lots,0.0
lot,0.0
min,0.0
lost,0.0
lick,0.0
licks,0.0
lido,0.0
lie,0.0
lies,0.0
life,0.0
lifetime,0.0
lifpartnr,0.0
lift,0.0
light,0.0
lik,0.0
liked,0.0
likely,0.0
likes,0.0
lily,0.0
limiting,0.0
line,0.0
linerental,0.0
lines,0.0
library,0.0
liao,0.0
letters,0.0
legal,0.0
learn,0.0
least,0.0
leave,0.0
leaves,0.0
leaving,0.0
lect,0.0
lecture,0.0
left,0.0
legs,0.0
letter,0.0
leh,0.0
lei,0.0
lemme,0.0
less,0.0
lesson,0.0
lessons,0.0
let,0.0
lets,0.0
link,0.0
lion,0.0
lionm,0.0
lookatme,0.0
logo,0.0
logopic,0.0
lol,0.0
london,0.0
lonely,0.0
long,0.0
longer,0.0
look,0.0
looked,0.0
log,0.0
lookin,0.0
looking,0.0
looks,0.0
lor,0.0
lose,0.0
loses,0.0
losing,0.0
loss,0.0
login,0.0
lock,0.0
lionp,0.0
liverpool,0.0
lions,0.0
lip,0.0
list,0.0
listen,0.0
listening,0.0
literally,0.0
little,0.0
live,0.0
living,0.0
locations,0.0
lk,0.0
ll,0.0
lmao,0.0
lo,0.0
loads,0.0
loan,0.0
loans,0.0
local,0.0
milk,0.0
mind,0.0
original,0.0
nb,0.0
nigeria,0.0
night,0.0
nimya,0.0
nimyapls,0.0
nite,0.0
no1,0.0
nobody,0.0
noe,0.0
nokia,0.0
nokias,0.0
noline,0.0
none,0.0
noon,0.0
nope,0.0
norm150ptone,0.0
normal,0.0
normally,0.0
note,0.0
nothing,0.0
nichols,0.0
nicenicehow,0.0
nice,0.0
neft,0.0
ne,0.0
near,0.0
nearly,0.0
necessarily,0.0
necklace,0.0
ned,0.0
needed,0.0
needs,0.0
neither,0.0
nic,0.0
net,0.0
netcollex,0.0
network,0.0
neva,0.0
never,0.0
newest,0.0
news,0.0
ni8,0.0
notice,0.0
nt,0.0
ntt,0.0
operator,0.0
once,0.0
ones,0.0
oni,0.0
online,0.0
only,0.0
onto,0.0
oops,0.0
open,0.0
opinion,0.0
omg,0.0
opportunity,0.0
opt,0.0
option,0.0
optout,0.0
orchard,0.0
order,0.0
ordered,0.0
oredi,0.0
omw,0.0
old,0.0
ntwk,0.0
obviously,0.0
num,0.0
numbers,0.0
nvm,0.0
nw,0.0
nxt,0.0
nyc,0.0
nyt,0.0
o2,0.0
rude,0.0
okthenwhats,0.0
offer,0.0
offers,0.0
office,0.0
official,0.0
okay,0.0
okey,0.0
okie,0.0
okok,0.0
nd,0.0
naughty,0.0
mine,0.0
nature,0.0
moji,0.0
mojibiola,0.0
mokka,0.0
mom,0.0
moment,0.0
moments,0.0
moms,0.0
mon,0.0
monday,0.0
money,0.0
monkeys,0.0
mono,0.0
month,0.0
monthly,0.0
months,0.0
mood,0.0
moon,0.0
moons,0.0
moral,0.0
modules,0.0
module,0.0
model,0.0
mistake,0.0
mins,0.0
minute,0.0
minutes,0.0
miracle,0.0
miss,0.0
missed,0.0
missin,0.0
missing,0.0
mm,0.0
mode,0.0
mmm,0.0
mmmm,0.0
mo,0.0
moan,0.0
mobiles,0.0
mobileupd8,0.0
mobno,0.0
moby,0.0
moralone,0.0
morn,0.0
morning,0.0
name2,0.0
muz,0.0
myself,0.0
na,0.0
nah,0.0
nahi,0.0
naked,0.0
name,0.0
name1,0.0
named,0.0
music,0.0
names,0.0
nan,0.0
nap,0.0
nasdaq,0.0
natalja,0.0
national,0.0
natuition,0.0
natural,0.0
must,0.0
murderer,0.0
most,0.0
mr,0.0
mostly,0.0
mother,0.0
motorola,0.0
move,0.0
moved,0.0
movie,0.0
movies,0.0
mp3,0.0
mrng,0.0
murdered,0.0
mrt,0.0
msgs,0.0
mths,0.0
mu,0.0
much,0.0
mum,0.0
mums,0.0
murder,0.0
rub,0.0
schedule,0.0
rule,0.0
unable,0.0
under,0.0
understand,0.0
understanding,0.0
uni,0.0
university,0.0
unless,0.0
unlimited,0.0
unredeemed,0.0
unsold,0.0
unsub,0.0
until,0.0
upd8,0.0
update,0.0
updatenow,0.0
upgrade,0.0
upload,0.0
upset,0.0
upstairs,0.0
ure,0.0
uncle,0.0
umma,0.0
tscs,0.0
ull,0.0
ttyl,0.0
tuesday,0.0
tuition,0.0
turn,0.0
turns,0.0
tv,0.0
twice,0.0
two,0.0
txtin,0.0
txting,0.0
txtno,0.0
txts,0.0
tyler,0.0
type,0.0
u4,0.0
ubi,0.0
ufind,0.0
ugh,0.0
uks,0.0
urgentbut,0.0
urgentlyits,0.0
urgnt,0.0
urn,0.0
valued,0.0
vary,0.0
vava,0.0
vday,0.0
ve,0.0
vegas,0.0
vegetables,0.0
verified,0.0
verify,0.0
version,0.0
very,0.0
via,0.0
video,0.0
videochat,0.0
videophones,0.0
vijay,0.0
vikky,0.0
village,0.0
violated,0.0
value,0.0
valuable,0.0
valid12hrs,0.0
using,0.0
urself,0.0
usb,0.0
usc,0.0
use,0.0
used,0.0
user,0.0
usf,0.0
usher,0.0
usual,0.0
valid,0.0
usualiam,0.0
usually,0.0
uu,0.0
uve,0.0
vaazhthukkal,0.0
vale,0.0
valentine,0.0
valentines,0.0
tt,0.0
ts,0.0
violet,0.0
ticket,0.0
tihs,0.0
til,0.0
till,0.0
times,0.0
timing,0.0
tired,0.0
tm,0.0
tmr,0.0
tncs,0.0
toa,0.0
toclaim,0.0
today,0.0
todayfrom,0.0
todays,0.0
todaysundaysunday,0.0
tog,0.0
together,0.0
tok,0.0
told,0.0
tickets,0.0
tick,0.0
trying,0.0
thursday,0.0
things,0.0
think,0.0
thinkin,0.0
thinking,0.0
thinks,0.0
thk,0.0
thnk,0.0
tho,0.0
those,0.0
though,0.0
thought,0.0
three,0.0
throat,0.0
through,0.0
throw,0.0
thru,0.0
tht,0.0
thts,0.0
thurs,0.0
toll,0.0
tomarrow,0.0
tomeandsaidthis,0.0
tomo,0.0
track,0.0
trade,0.0
traffic,0.0
train,0.0
training,0.0
transaction,0.0
transfer,0.0
transport,0.0
trav,0.0
travel,0.0
treat,0.0
tried,0.0
trip,0.0
trouble,0.0
true,0.0
truly,0.0
trust,0.0
truth,0.0
try,0.0
town,0.0
towards,0.0
tour,0.0
tooo,0.0
tomorrow,0.0
tones2u,0.0
tones2youcouk,0.0
tonight,0.0
tonite,0.0
too,0.0
took,0.0
tool,0.0
toot,0.0
tough,0.0
top,0.0
torch,0.0
toshiba,0.0
tot,0.0
total,0.0
totally,0.0
touch,0.0
touched,0.0
violence,0.0
vip,0.0
rum,0.0
women,0.0
wonderful,0.0
wondering,0.0
wonders,0.0
wont,0.0
word,0.0
words,0.0
workin,0.0
working,0.0
world,0.0
worried,0.0
worries,0.0
worry,0.0
worse,0.0
worth,0.0
wot,0.0
would,0.0
wow,0.0
write,0.0
wrong,0.0
wonder,0.0
woman,0.0
wife,0.0
woke,0.0
wil,0.0
willing,0.0
wine,0.0
winner,0.0
winning,0.0
wins,0.0
wisdom,0.0
wish,0.0
wishes,0.0
wishing,0.0
wit,0.0
within,0.0
without,0.0
wiv,0.0
wk,0.0
wkend,0.0
wkly,0.0
wks,0.0
wnt,0.0
wt,0.0
wtf,0.0
wun,0.0
www4tcbiz,0.0
yet,0.0
yijue,0.0
ym,0.0
yo,0.0
yoga,0.0
yogasana,0.0
yor,0.0
youd,0.0
youll,0.0
youre,0.0
yours,0.0
yourself,0.0
youve,0.0
yr,0.0
yrs,0.0
yummy,0.0
yun,0.0
yuo,0.0
yup,0.0
yesterday,0.0
yest,0.0
yes,0.0
xxx,0.0
wwwcomuknet,0.0
wwwgetzedcouk,0.0
wwwldewcom1win150ppmx3age16,0.0
wwwringtonescouk,0.0
wylie,0.0
xchat,0.0
xmas,0.0
xx,0.0
xy,0.0
yep,0.0
ya,0.0
yahoo,0.0
yan,0.0
yar,0.0
yay,0.0
yeah,0.0
year,0.0
years,0.0
wifehow,0.0
wif,0.0
virgin,0.0
waiting,0.0
wake,0.0
waking,0.0
walk,0.0
walked,0.0
walking,0.0
walmart,0.0
wan,0.0
wan2,0.0
wana,0.0
wanna,0.0
wanted,0.0
wanting,0.0
wants,0.0
warm,0.0
warner,0.0
wasnt,0.0
waste,0.0
wat,0.0
watch,0.0
waitu,0.0
waitin,0.0
wid,0.0
waited,0.0
visit,0.0
vl,0.0
voda,0.0
vodafone,0.0
vodka,0.0
voice,0.0
voicemail,0.0
vomit,0.0
vote,0.0
vouchers,0.0
vry,0.0
vth,0.0
vu,0.0
w111wx,0.0
w45wq,0.0
wa,0.0
wah,0.0
waht,0.0
wait,0.0
watching,0.0
water,0.0
wats,0.0
way,0.0
were,0.0
wet,0.0
weve,0.0
whatever,0.0
whats,0.0
whenever,0.0
whenevr,0.0
whens,0.0
where,0.0
wheres,0.0
wherever,0.0
whether,0.0
while,0.0
white,0.0
who,0.0
whole,0.0
whom,0.0
whos,0.0
why,0.0
went,0.0
wen,0.0
welp,0.0
wednesday,0.0
wc1n3xx,0.0
weak,0.0
wear,0.0
wearing,0.0
weather,0.0
website,0.0
wed,0.0
wedding,0.0
weed,0.0
well,0.0
week,0.0
weekend,0.0
weekends,0.0
weekly,0.0
weeks,0.0
weight,0.0
weird,0.0
welcome,0.0
thing,0.0
theyre,0.0
these,0.0
shld,0.0
shoot,0.0
shop,0.0
shoppin,0.0
shopping,0.0
short,0.0
shortage,0.0
shorter,0.0
shortly,0.0
shot,0.0
should,0.0
shouldnt,0.0
shoving,0.0
show,0.0
shower,0.0
showing,0.0
shows,0.0
shracomorsglsuplt10,0.0
shu,0.0
shuhui,0.0
shocking,0.0
shit,0.0
settings,0.0
shirts,0.0
settled,0.0
seven,0.0
several,0.0
sha,0.0
shagged,0.0
shall,0.0
shampain,0.0
share,0.0
shd,0.0
she,0.0
sheets,0.0
shell,0.0
shes,0.0
shesil,0.0
shijas,0.0
shining,0.0
ship,0.0
shipping,0.0
shirt,0.0
shy,0.0
si,0.0
sick,0.0
side,0.0
sit,0.0
site,0.0
sitll,0.0
sitting,0.0
situation,0.0
six,0.0
size,0.0
sk3,0.0
sk38xh,0.0
skilgme,0.0
skillgame,0.0
skip,0.0
sky,0.0
skype,0.0
skyped,0.0
slap,0.0
slave,0.0
sleep,0.0
sleepin,0.0
sister,0.0
sis,0.0
siri,0.0
simple,0.0
sighs,0.0
sight,0.0
sign,0.0
signing,0.0
silence,0.0
silent,0.0
silver,0.0
sim,0.0
simpler,0.0
sir,0.0
simply,0.0
since,0.0
sinco,0.0
sing,0.0
singing,0.0
single,0.0
singles,0.0
sipix,0.0
settle,0.0
setting,0.0
theres,0.0
satisfied,0.0
saucy,0.0
savamob,0.0
save,0.0
saved,0.0
saw,0.0
say,0.0
saying,0.0
says,0.0
scared,0.0
scary,0.0
sch,0.0
le,0.0
school,0.0
schools,0.0
science,0.0
scold,0.0
score,0.0
scores,0.0
scoring,0.0
saturday,0.0
sathya,0.0
set,0.0
sat,0.0
run,0.0
running,0.0
runs,0.0
rush,0.0
sacrifice,0.0
sad,0.0
sae,0.0
safe,0.0
said,0.0
salary,0.0
sale,0.0
salon,0.0
sam,0.0
same,0.0
santa,0.0
sar,0.0
sarasota,0.0
sarcastic,0.0
sary,0.0
scotch,0.0
scotland,0.0
scream,0.0
screaming,0.0
self,0.0
sell,0.0
selling,0.0
sells,0.0
sem,0.0
semester,0.0
sen,0.0
sendername,0.0
sending,0.0
sense,0.0
sent,0.0
sentdate,0.0
sentence,0.0
sept,0.0
series,0.0
serious,0.0
seriously,0.0
services,0.0
serving,0.0
selection,0.0
selected,0.0
seen,0.0
sec,0.0
screen,0.0
scrounge,0.0
se,0.0
sea,0.0
search,0.0
searching,0.0
season,0.0
seat,0.0
second,0.0
seems,0.0
seconds,0.0
secret,0.0
secretary,0.0
secs,0.0
sed,0.0
seeing,0.0
seem,0.0
seemed,0.0
sleeping,0.0
sleepingand,0.0
sleepsweet,0.0
suite,0.0
sun,0.0
sunday,0.0
sunny,0.0
sunshine,0.0
suntec,0.0
sup,0.0
super,0.0
support,0.0
supposed,0.0
suprman,0.0
sura,0.0
sure,0.0
surely,0.0
surfing,0.0
surprise,0.0
surprised,0.0
sweet,0.0
swing,0.0
system,0.0
summer,0.0
sucks,0.0
sleepy,0.0
successfully,0.0
str,0.0
straight,0.0
street,0.0
strike,0.0
strong,0.0
stuck,0.0
study,0.0
studying,0.0
stuff,0.0
stupid,0.0
stupidits,0.0
style,0.0
stylish,0.0
sub,0.0
subpoly,0.0
subs,0.0
subscribed,0.0
subscriber,0.0
subscription,0.0
ta,0.0
tablets,0.0
takes,0.0
taking,0.0
tenants,0.0
tenerife,0.0
terms,0.0
test,0.0
texted,0.0
texting,0.0
textoperator,0.0
texts,0.0
th,0.0
than,0.0
thangam,0.0
thank,0.0
thanks,0.0
thanksgiving,0.0
thanx,0.0
theatre,0.0
their,0.0
them,0.0
theory,0.0
ten,0.0
temple,0.0
telphone,0.0
tcrw1,0.0
talk,0.0
talking,0.0
tampa,0.0
tariffs,0.0
tat,0.0
taunton,0.0
tb,0.0
tc,0.0
tcs,0.0
tells,0.0
tea,0.0
teach,0.0
teaches,0.0
team,0.0
tear,0.0
teasing,0.0
tel,0.0
telling,0.0
story,0.0
storming,0.0
store,0.0
sooooo,0.0
snowman,0.0
social,0.0
sofa,0.0
soft,0.0
software,0.0
sol,0.0
solve,0.0
some1,0.0
somebody,0.0
someone,0.0
somethin,0.0
something,0.0
sometimes,0.0
somewhere,0.0
song,0.0
songs,0.0
sony,0.0
sonyericsson,0.0
soon,0.0
snow,0.0
snake,0.0
sn,0.0
slowly,0.0
slept,0.0
slice,0.0
slide,0.0
slightly,0.0
slip,0.0
slippers,0.0
slots,0.0
slow,0.0
small,0.0
smth,0.0
smashed,0.0
smile,0.0
smiled,0.0
smiles,0.0
smiling,0.0
smoke,0.0
smoking,0.0
sms08718727870,0.0
sooner,0.0
sore,0.0
stopped,0.0
sorry,0.0
spree,0.0
sptyrone,0.0
st,0.0
stand,0.0
standard,0.0
standing,0.0
start,0.0
started,0.0
starting,0.0
starts,0.0
starwars3,0.0
statement,0.0
station,0.0
stay,0.0
staying,0.0
std,0.0
stock,0.0
stockport,0.0
stomps,0.0
sports,0.0
sport,0.0
spook,0.0
speak,0.0
sort,0.0
sorting,0.0
sorydarealyfrm,0.0
sound,0.0
sounds,0.0
south,0.0
space,0.0
spanish,0.0
special,0.0
spoken,0.0
specialcall,0.0
specially,0.0
speed,0.0
spend,0.0
spending,0.0
spent,0.0
spl,0.0
spoke,0.0
lead,0.0
kusruthi,0.0
ldnw15h,0.0
brother,0.0
bslvyl,0.0
bt,0.0
btnationalrate,0.0
btw,0.0
bucks,0.0
bud,0.0
budget,0.0
buff,0.0
bugis,0.0
building,0.0
buns,0.0
burger,0.0
bus,0.0
business,0.0
busy,0.0
butt,0.0
buy,0.0
buying,0.0
buzz,0.0
brought,0.0
broke,0.0
bye,0.0
brings,0.0
box385,0.0
box39822,0.0
box97n7qp,0.0
boy,0.0
boye,0.0
boyfriend,0.0
boys,0.0
boytoy,0.0
brah,0.0
brain,0.0
brand,0.0
brandy,0.0
bray,0.0
bread,0.0
break,0.0
breathe,0.0
bright,0.0
bring,0.0
bringing,0.0
bx420ip45we,0.0
cabin,0.0
box326,0.0
cannt,0.0
car,0.0
card,0.0
cardiff,0.0
care,0.0
career,0.0
careful,0.0
carefully,0.0
caring,0.0
carlos,0.0
cars,0.0
cartoon,0.0
case,0.0
cashbalance,0.0
cashin,0.0
cat,0.0
catch,0.0
caught,0.0
cause,0.0
cbe,0.0
captain,0.0
cannot,0.0
cafe,0.0
cancer,0.0
cake,0.0
cal,0.0
calicut,0.0
california,0.0
callback,0.0
called,0.0
caller,0.0
callers,0.0
callertune,0.0
callin,0.0
calling,0.0
calls,0.0
callsmessagesmissed,0.0
cam,0.0
camcorder,0.0
came,0.0
camera,0.0
campus,0.0
cancel,0.0
box334sk38ch,0.0
box177,0.0
cd,0.0
beware,0.0
bf,0.0
bid,0.0
bids,0.0
big,0.0
bigger,0.0
biggest,0.0
bill,0.0
billed,0.0
billion,0.0
bills,0.0
bin,0.0
birds,0.0
birla,0.0
birth,0.0
birthdate,0.0
birthday,0.0
bishan,0.0
bit,0.0
bitch,0.0
beyond,0.0
between,0.0
black,0.0
better,0.0
become,0.0
becoz,0.0
bed,0.0
bedroom,0.0
beer,0.0
befor,0.0
before,0.0
begin,0.0
behave,0.0
behind,0.0
being,0.0
believe,0.0
bell,0.0
belly,0.0
belovd,0.0
beneath,0.0
best,0.0
best1,0.0
bet,0.0
bite,0.0
blackberry,0.0
box,0.0
bonus,0.0
book,0.0
booked,0.0
booking,0.0
books,0.0
boost,0.0
booty,0.0
bored,0.0
borin,0.0
boring,0.0
born,0.0
borrow,0.0
boss,0.0
boston,0.0
both,0.0
bother,0.0
bottom,0.0
bought,0.0
bout,0.0
bowl,0.0
boo,0.0
bone,0.0
blah,0.0
bold,0.0
blakes,0.0
blank,0.0
bleh,0.0
bless,0.0
blessed,0.0
blessing,0.0
blind,0.0
blonde,0.0
bloo,0.0
bloodsend,0.0
bloody,0.0
blow,0.0
blu,0.0
blue,0.0
bluetooth,0.0
bluff,0.0
bmw,0.0
boat,0.0
body,0.0
cc,0.0
cds,0.0
ldn,0.0
cum,0.0
current,0.0
currently,0.0
cust,0.0
custcare,0.0
cut,0.0
cute,0.0
cuz,0.0
cw25wx,0.0
da,0.0
dad,0.0
daddy,0.0
daily,0.0
damn,0.0
dare,0.0
dark,0.0
darlin,0.0
darling,0.0
darren,0.0
dat,0.0
cup,0.0
cud,0.0
dates,0.0
cs,0.0
costs,0.0
could,0.0
couldnt,0.0
country,0.0
couple,0.0
course,0.0
cover,0.0
coz,0.0
cr9,0.0
cramps,0.0
crave,0.0
crazy,0.0
created,0.0
credit,0.0
credited,0.0
credits,0.0
cross,0.0
croydon,0.0
cry,0.0
date,0.0
dating,0.0
cost150pm,0.0
details,0.0
dictionary,0.0
did,0.0
didnt,0.0
didt,0.0
die,0.0
died,0.0
diet,0.0
different,0.0
difficult,0.0
digital,0.0
dignity,0.0
din,0.0
dinner,0.0
dint,0.0
direct,0.0
directly,0.0
dirty,0.0
dis,0.0
discount,0.0
dick,0.0
derek,0.0
dats,0.0
depends,0.0
de,0.0
dead,0.0
deal,0.0
dear,0.0
dearly,0.0
death,0.0
decide,0.0
decided,0.0
decision,0.0
deep,0.0
def,0.0
definitely,0.0
del,0.0
deleted,0.0
deliver,0.0
delivered,0.0
deliveredtomorrow,0.0
dem,0.0
den,0.0
costa,0.0
cos,0.0
cell,0.0
cheers,0.0
chicken,0.0
chikku,0.0
child,0.0
childish,0.0
children,0.0
chillin,0.0
china,0.0
chinese,0.0
choice,0.0
choose,0.0
chosen,0.0
christmas,0.0
church,0.0
cine,0.0
cinema,0.0
city,0.0
claire,0.0
class,0.0
clean,0.0
chennai,0.0
checking,0.0
clear,0.0
checked,0.0
center,0.0
centre,0.0
certainly,0.0
cha,0.0
chain,0.0
challenge,0.0
chance,0.0
change,0.0
changed,0.0
changes,0.0
character,0.0
charge,0.0
charged,0.0
charges,0.0
charity,0.0
chatting,0.0
cheap,0.0
cheaper,0.0
check,0.0
cleaning,0.0
click,0.0
correct,0.0
company,0.0
complete,0.0
completely,0.0
complimentary,0.0
computer,0.0
concert,0.0
conditions,0.0
confirm,0.0
congrats,0.0
congratulations,0.0
connect,0.0
connection,0.0
constantly,0.0
contacted,0.0
content,0.0
contract,0.0
convey,0.0
cooking,0.0
cool,0.0
copy,0.0
competition,0.0
comp,0.0
clock,0.0
community,0.0
close,0.0
closedincluding,0.0
club,0.0
co,0.0
code,0.0
coffee,0.0
cold,0.0
colleagues,0.0
collect,0.0
collected,0.0
collecting,0.0
collection,0.0
college,0.0
colour,0.0
comedy,0.0
comes,0.0
comin,0.0
coming,0.0
common,0.0
because,0.0
beautiful,0.0
bday,0.0
83222,0.0
84025,0.0
85023,0.0
8552,0.0
86021,0.0
86688,0.0
87066,0.0
87077,0.0
87121,0.0
87131,0.0
87575,0.0
88039,0.0
88066,0.0
88088,0.0
88600,0.0
88888,0.0
89070,0.0
89080,0.0
89545,0.0
89555,0.0
83600,0.0
82277,0.0
8neighbour,0.0
82242,0.0
5min,0.0
5th,0.0
5wb,0.0
5we,0.0
60pmin,0.0
62468,0.0
630,0.0
6pm,0.0
6th,0.0
7250i,0.0
730,0.0
750,0.0
786,0.0
7th,0.0
800,0.0
80062,0.0
8007,0.0
80182,0.0
80878,0.0
8am,0.0
8pm,0.0
542,0.0
accident,0.0
accordingly,0.0
account,0.0
accounts,0.0
ache,0.0
acoentry41,0.0
across,0.0
acted,0.0
action,0.0
activate,0.0
active,0.0
activities,0.0
actor,0.0
actual,0.0
actually,0.0
ad,0.0
adam,0.0
add,0.0
added,0.0
addicted,0.0
accidentally,0.0
access,0.0
8th,0.0
accept,0.0
8wp,0.0
900,0.0
9ae,0.0
9am11pm,0.0
9ja,0.0
9pm,0.0
9t,0.0
aathilove,0.0
aathiwhere,0.0
abi,0.0
ability,0.0
abiola,0.0
able,0.0
abt,0.0
abta,0.0
aburo,0.0
ac,0.0
academic,0.0
acc,0.0
5gently,0.0
530,0.0
bcums,0.0
100,0.0
10000,0.0
1000s,0.0
1030,0.0
10am7pm,0.0
10k,0.0
10p,0.0
10pmin,0.0
11,0.0
11414,0.0
11mths,0.0
12,0.0
121,0.0
12hrs,0.0
1327,0.0
145,0.0
150,0.0
1500,0.0
150pm,0.0
150pmsg,0.0
1000,0.0
10,0.0
150ptone,0.0
09066612661,0.0
0800,0.0
08000839402,0.0
08000930705,0.0
08001950382,0.0
0808,0.0
08452810073,0.0
0870,0.0
08701417012,0.0
08707509020,0.0
08712300220,0.0
08712460324,0.0
08715705022,0.0
08717898035,0.0
08718720201,0.0
08718726270150gbpmtmsg18,0.0
09050090044,0.0
09061209465,0.0
09061221066,0.0
09066362231,0.0
150ppm,0.0
16,0.0
50p,0.0
3510i,0.0
3cover,0.0
3g,0.0
3gbp,0.0
3mins,0.0
3rd,0.0
3wk,0.0
400,0.0
40gb,0.0
434,0.0
450,0.0
45239,0.0
4742,0.0
4get,0.0
4info,0.0
4press,0.0
4th,0.0
4u,0.0
50,0.0
5000,0.0
36504,0.0
350,0.0
1st,0.0
3030,0.0
1x150pwk,0.0
20,0.0
200,0.0
2000,0.0
2003,0.0
2004,0.0
20p,0.0
25,0.0
250,0.0
25p,0.0
28,0.0
2day,0.0
2mrw,0.0
2nd,0.0
2nite,0.0
2optout,0.0
2stoptxt,0.0
2u,0.0
300,0.0
addie,0.0
address,0.0
admin,0.0
ard,0.0
arent,0.0
argh,0.0
argue,0.0
argument,0.0
arm,0.0
armand,0.0
arms,0.0
arng,0.0
around,0.0
arrange,0.0
arrested,0.0
arrive,0.0
arsenal,0.0
art,0.0
arun,0.0
asap,0.0
ask,0.0
askd,0.0
asked,0.0
area,0.0
arcade,0.0
asking,0.0
ar,0.0
anytime,0.0
anyway,0.0
anyways,0.0
anywhere,0.0
aom,0.0
apart,0.0
apartment,0.0
apologise,0.0
app,0.0
apparently,0.0
applebees,0.0
application,0.0
appointment,0.0
appreciate,0.0
appreciated,0.0
approx,0.0
apps,0.0
appt,0.0
april,0.0
askin,0.0
asks,0.0
administrator,0.0
babe,0.0
babies,0.0
baby,0.0
bad,0.0
bag,0.0
bags,0.0
bak,0.0
balance,0.0
bank,0.0
barely,0.0
basic,0.0
basically,0.0
bat,0.0
bath,0.0
bathe,0.0
bathing,0.0
battery,0.0
bay,0.0
bb,0.0
bcoz,0.0
babes,0.0
ba,0.0
asleep,0.0
b4,0.0
ass,0.0
assume,0.0
ate,0.0
atlanta,0.0
attempt,0.0
attend,0.0
auction,0.0
august,0.0
available,0.0
avatar,0.0
ave,0.0
avent,0.0
await,0.0
awaiting,0.0
awake,0.0
award,0.0
awarded,0.0
away,0.0
awesome,0.0
anything,0.0
anythin,0.0
anyone,0.0
agalla,0.0
age16,0.0
age23,0.0
ages,0.0
ago,0.0
agree,0.0
ah,0.0
aha,0.0
ahead,0.0
ahmad,0.0
ahsen,0.0
aight,0.0
aint,0.0
air,0.0
airport,0.0
airtel,0.0
aiya,0.0
aiyah,0.0
aiyar,0.0
aiyo,0.0
age,0.0
against,0.0
anymore,0.0
again,0.0
admirer,0.0
adore,0.0
adoring,0.0
ads,0.0
adult,0.0
advance,0.0
adventure,0.0
advice,0.0
advise,0.0
affair,0.0
affairs,0.0
affection,0.0
affectionate,0.0
afraid,0.0
aft,0.0
after,0.0
afternoon,0.0
aftr,0.0
ag,0.0
al,0.0
alaipayuthe,0.0
album,0.0
alert,0.0
an,0.0
andros,0.0
angry,0.0
anna,0.0
annie,0.0
anniversary,0.0
announcement,0.0
anot,0.0
another,0.0
ans,0.0
ansr,0.0
answer,0.0
answered,0.0
answering,0.0
answers,0.0
anthony,0.0
anti,0.0
any,0.0
anybody,0.0
amy,0.0
amt,0.0
amp,0.0
along,0.0
alex,0.0
alfie,0.0
algarve,0.0
allah,0.0
allow,0.0
allowed,0.0
almost,0.0
alone,0.0
already,0.0
amount,0.0
alright,0.0
alrite,0.0
also,0.0
always,0.0
alwys,0.0
amazing,0.0
american,0.0
among,0.0
discuss,0.0
dislikes,0.0
display,0.0
horo,0.0
hospital,0.0
hospitals,0.0
hostel,0.0
hot,0.0
hotel,0.0
hotels,0.0
hour,0.0
hours,0.0
house,0.0
housemaid,0.0
housewives,0.0
however,0.0
hows,0.0
howz,0.0
hr,0.0
hrishi,0.0
hrs,0.0
httptms,0.0
httpwwwetlpcoukexpressoffer,0.0
horrible,0.0
horny,0.0
hubby,0.0
hoping,0.0
ho,0.0
hockey,0.0
hol,0.0
hold,0.0
holder,0.0
holding,0.0
holiday,0.0
holidayso,0.0
holla,0.0
hols,0.0
holy,0.0
home,0.0
homeowners,0.0
honey,0.0
honeybee,0.0
hook,0.0
hop,0.0
hoped,0.0
hopefully,0.0
httpwwwurawinnercom,0.0
hug,0.0
hmmm,0.0
identifier,0.0
idk,0.0
ignore,0.0
ikea,0.0
il,0.0
illness,0.0
imagine,0.0
imma,0.0
immediately,0.0
imp,0.0
important,0.0
impossible,0.0
improved,0.0
in2,0.0
inc,0.0
inches,0.0
incident,0.0
include,0.0
inclusive,0.0
inconsiderate,0.0
idiot,0.0
ideas,0.0
huh,0.0
ideal,0.0
hun,0.0
hungry,0.0
hurry,0.0
hurt,0.0
hurting,0.0
hurts,0.0
husband,0.0
hv,0.0
hw,0.0
hyde,0.0
iam,0.0
ibhltd,0.0
ibiza,0.0
ibn,0.0
ic,0.0
ice,0.0
icicibankcom,0.0
id,0.0
idea,0.0
hmv,0.0
hmm,0.0
gt,0.0
ham,0.0
handed,0.0
handle,0.0
hands,0.0
handset,0.0
hanging,0.0
happen,0.0
happend,0.0
happened,0.0
happening,0.0
happens,0.0
happiness,0.0
happy,0.0
hard,0.0
hardcore,0.0
hardly,0.0
harry,0.0
hasnt,0.0
hate,0.0
hav,0.0
hand,0.0
halloween,0.0
havin,0.0
half,0.0
gud,0.0
gudk,0.0
gudnitetcpractice,0.0
guess,0.0
guessing,0.0
guide,0.0
guilty,0.0
guy,0.0
guys,0.0
gving,0.0
gym,0.0
ha,0.0
had,0.0
haf,0.0
haha,0.0
hahahause,0.0
hai,0.0
hair,0.0
haiz,0.0
havent,0.0
having,0.0
hm,0.0
henry,0.0
here,0.0
heri,0.0
herlove,0.0
herself,0.0
hes,0.0
hex,0.0
hgsuite3422lands,0.0
hgsuite3422landsroww1j6hl,0.0
hide,0.0
high,0.0
hill,0.0
hint,0.0
hip,0.0
his,0.0
history,0.0
hit,0.0
hiya,0.0
hl,0.0
hlp,0.0
her,0.0
hence,0.0
havnt,0.0
helpline,0.0
head,0.0
headache,0.0
headin,0.0
heads,0.0
hear,0.0
heard,0.0
heart,0.0
heartgn,0.0
heavy,0.0
hee,0.0
height,0.0
held,0.0
helen,0.0
hell,0.0
hella,0.0
hello,0.0
helloooo,0.0
help08712400602450p,0.0
help08718728876,0.0
incredible,0.0
increments,0.0
indeed,0.0
keeps,0.0
kent,0.0
kept,0.0
kerala,0.0
keralacircle,0.0
kettoda,0.0
key,0.0
keys,0.0
ki,0.0
kick,0.0
kickoff,0.0
kid,0.0
kidding,0.0
kids,0.0
kidz,0.0
kind,0.0
kinda,0.0
kindly,0.0
king,0.0
kiss,0.0
kegger,0.0
keeping,0.0
kkhow,0.0
keep,0.0
jstfrnd,0.0
jsut,0.0
juan,0.0
juicy,0.0
july,0.0
june,0.0
jus,0.0
juz,0.0
k52,0.0
kadeem,0.0
kaiez,0.0
kallis,0.0
kano,0.0
kappa,0.0
karaoke,0.0
kate,0.0
kay,0.0
kb,0.0
ke,0.0
kisses,0.0
kkim,0.0
india,0.0
lady,0.0
laid,0.0
land,0.0
landline,0.0
landlines,0.0
langport,0.0
language,0.0
laptop,0.0
lar,0.0
largest,0.0
last,0.0
late,0.0
later,0.0
latest,0.0
latr,0.0
laugh,0.0
laughed,0.0
laughing,0.0
law,0.0
lazy,0.0
lag,0.0
ladies,0.0
kkwhen,0.0
lacsthere,0.0
kkwhere,0.0
kl341,0.0
knackered,0.0
knees,0.0
knew,0.0
knock,0.0
knowing,0.0
knows,0.0
knw,0.0
konw,0.0
kr,0.0
kthen,0.0
kudiyarasu,0.0
07xxxxxxxxx,0.0
kz,0.0
l8r,0.0
la,0.0
lab,0.0
lacsthats,0.0
jst,0.0
jsco,0.0
joys,0.0
internet,0.0
intro,0.0
invaders,0.0
invest,0.0
invite,0.0
invited,0.0
inviting,0.0
invnted,0.0
iouri,0.0
ip4,0.0
ipod,0.0
irritates,0.0
irritating,0.0
iscoming,0.0
ish,0.0
island,0.0
islands,0.0
isnt,0.0
issue,0.0
issues,0.0
into,0.0
interflora,0.0
joy,0.0
interesting,0.0
indian,0.0
indians,0.0
indicate,0.0
infections,0.0
infernal,0.0
info,0.0
inform,0.0
informed,0.0
infowww100percentrealcom,0.0
innings,0.0
inr,0.0
inside,0.0
instantly,0.0
instead,0.0
instructions,0.0
insurance,0.0
intelligent,0.0
interest,0.0
interested,0.0
italian,0.0
itcould,0.0
itleave,0.0
itplspls,0.0
jenny,0.0
jerry,0.0
jess,0.0
jesus,0.0
jiayin,0.0
jiu,0.0
jo,0.0
joanna,0.0
job,0.0
jogging,0.0
john,0.0
join,0.0
joined,0.0
joining,0.0
joke,0.0
jokes,0.0
jokin,0.0
joking,0.0
jolly,0.0
jen,0.0
jeans,0.0
jealous,0.0
jada,0.0
itself,0.0
itu,0.0
itwhichturnedinto,0.0
itz,0.0
ive,0.0
iz,0.0
izzit,0.0
jacket,0.0
jamster,0.0
jazz,0.0
jan,0.0
january,0.0
japanese,0.0
jason,0.0
java,0.0
jay,0.0
jaya,0.0
jays,0.0
guaranteed,0.0
group,0.0
distance,0.0
exam,0.0
excellent,0.0
except,0.0
exciting,0.0
excuse,0.0
excuses,0.0
executive,0.0
exeter,0.0
exhausted,0.0
exmpel,0.0
expect,0.0
expecting,0.0
expensive,0.0
experience,0.0
expires,0.0
explain,0.0
explicit,0.0
explosive,0.0
express,0.0
extra,0.0
exams,0.0
exactly,0.0
eyes,0.0
exact,0.0
eurodisinc,0.0
europe,0.0
eve,0.0
eveb,0.0
even,0.0
evening,0.0
event,0.0
ever,0.0
every,0.0
everybody,0.0
everyday,0.0
everyone,0.0
everything,0.0
everywhere,0.0
evn,0.0
evng,0.0
evr,0.0
evrey,0.0
ex,0.0
eye,0.0
fa,0.0
euro,0.0
fathima,0.0
fave,0.0
favor,0.0
favorite,0.0
favour,0.0
favourite,0.0
fb,0.0
feb,0.0
february,0.0
feel,0.0
feeling,0.0
feels,0.0
fees,0.0
feet,0.0
fell,0.0
felt,0.0
fetch,0.0
fever,0.0
few,0.0
field,0.0
fault,0.0
father,0.0
fab,0.0
fat,0.0
face,0.0
facebook,0.0
fact,0.0
faggy,0.0
failed,0.0
fails,0.0
fair,0.0
fall,0.0
falls,0.0
family,0.0
fan,0.0
fancies,0.0
fancy,0.0
fantasies,0.0
fantastic,0.0
fantasy,0.0
far,0.0
fast,0.0
faster,0.0
euro2004,0.0
etc,0.0
ground,0.0
draw,0.0
dreams,0.0
dress,0.0
dresser,0.0
drink,0.0
drinks,0.0
drive,0.0
drivin,0.0
driving,0.0
drop,0.0
dropped,0.0
drug,0.0
drugs,0.0
dry,0.0
dsnt,0.0
dubsack,0.0
dude,0.0
due,0.0
dun,0.0
dunno,0.0
dream,0.0
downloads,0.0
dvd,0.0
download,0.0
disturb,0.0
dload,0.0
dnt,0.0
doc,0.0
docs,0.0
doctor,0.0
does,0.0
doesnt,0.0
dog,0.0
dogging,0.0
doggy,0.0
doin,0.0
doing,0.0
dollars,0.0
don,0.0
done,0.0
door,0.0
double,0.0
down,0.0
during,0.0
each,0.0
eta,0.0
end,0.0
ending,0.0
ends,0.0
enemy,0.0
energy,0.0
england,0.0
english,0.0
enjoyed,0.0
enough,0.0
enter,0.0
entered,0.0
entitled,0.0
entry,0.0
envelope,0.0
er,0.0
erm,0.0
escape,0.0
ese,0.0
especially,0.0
esplanade,0.0
ended,0.0
empty,0.0
earlier,0.0
embarassed,0.0
early,0.0
earth,0.0
easier,0.0
easy,0.0
eat,0.0
eaten,0.0
eatin,0.0
eating,0.0
ec2a,0.0
eerie,0.0
eg,0.0
egg,0.0
eh,0.0
eight,0.0
either,0.0
else,0.0
elsewhere,0.0
em,0.0
email,0.0
fifteen,0.0
fight,0.0
fighting,0.0
gd,0.0
gee,0.0
geeee,0.0
geeeee,0.0
gender,0.0
generally,0.0
genius,0.0
gentle,0.0
gentleman,0.0
genuine,0.0
georges,0.0
germany,0.0
gets,0.0
gettin,0.0
getting,0.0
gf,0.0
gibbs,0.0
gift,0.0
gifted,0.0
gimme,0.0
ge,0.0
gay,0.0
girl,0.0
gave,0.0
furniture,0.0
future,0.0
fyi,0.0
g696ga,0.0
gain,0.0
gal,0.0
galileo,0.0
gals,0.0
game,0.0
gamestar,0.0
gang,0.0
gap,0.0
gaps,0.0
garage,0.0
garbage,0.0
gary,0.0
gas,0.0
gastroenteritis,0.0
gautham,0.0
gin,0.0
girlfrnd,0.0
fightng,0.0
google,0.0
gossip,0.0
goto,0.0
gotta,0.0
gotten,0.0
govtinstituitions,0.0
gr8,0.0
grace,0.0
grahmbell,0.0
gram,0.0
grand,0.0
granite,0.0
gravity,0.0
great,0.0
greatest,0.0
green,0.0
greet,0.0
greetings,0.0
grins,0.0
grl,0.0
gorgeous,0.0
goodnite,0.0
girls,0.0
goodnight,0.0
gist,0.0
giv,0.0
given,0.0
gives,0.0
giving,0.0
glad,0.0
gmgngegn,0.0
goal,0.0
god,0.0
godi,0.0
gods,0.0
goes,0.0
goin,0.0
gold,0.0
gona,0.0
gone,0.0
gonna,0.0
goodenvironment,0.0
goodmorning,0.0
funny,0.0
funk,0.0
fun,0.0
flag,0.0
flaky,0.0
flash,0.0
flat,0.0
flight,0.0
flights,0.0
flirt,0.0
flirting,0.0
floor,0.0
flower,0.0
flowing,0.0
fml,0.0
fo,0.0
follow,0.0
followed,0.0
following,0.0
fone,0.0
food,0.0
fool,0.0
football,0.0
flaked,0.0
fixedline,0.0
fullonsmscom,0.0
fixed,0.0
figure,0.0
file,0.0
files,0.0
fill,0.0
filling,0.0
fills,0.0
film,0.0
final,0.0
finally,0.0
fine,0.0
finewhen,0.0
fingers,0.0
finish,0.0
finished,0.0
finishes,0.0
finishing,0.0
first,0.0
fit,0.0
fix,0.0
force,0.0
foreign,0.0
forever,0.0
forevr,0.0
frens,0.0
fret,0.0
fri,0.0
friday,0.0
friend,0.0
friends,0.0
friendship,0.0
fringe,0.0
frm,0.0
frnd,0.0
frnds,0.0
frndship,0.0
fromm,0.0
front,0.0
fuck,0.0
fuckin,0.0
fucking,0.0
ful,0.0
full,0.0
fren,0.0
freezing,0.0
freesend,0.0
found,0.0
forget,0.0
forgets,0.0
forgiven,0.0
forgot,0.0
format,0.0
forums,0.0
forward,0.0
forwarded,0.0
four,0.0
freephone,0.0
fr,0.0
fran,0.0
frauds,0.0
freak,0.0
free2day,0.0
freedom,0.0
freefone,0.0
freemsg,0.0
zed,0.0
